INSERT INTO `blocks` (`id`, `description`, `program_id`, `centralcontent_id`, `competence`, `situations`, `created_at`, `updated_at`) VALUES
  (1, 'Bloque 1', 1, 1, NULL, NULL, '2018-04-11 07:43:46', '2018-04-11 07:43:46'),
  (2, 'Bloque 2', 1, 2, NULL, NULL, '2018-04-11 08:00:11', '2018-04-11 08:00:11'),
  (3, 'Bloque 3', 1, 3, NULL, NULL, '2018-05-17 01:47:39', '2018-05-17 01:47:39'),
  (4, 'Bloque 4', 1, 4, NULL, NULL, '2018-05-17 01:48:29', '2018-05-17 01:48:29'),
  (5, 'Bloque 5', 1, 5, NULL, NULL, '2018-05-17 01:48:46', '2018-05-17 01:48:46'),
  (6, 'Bloque 1', 2, 6, NULL, NULL, '2018-05-18 02:54:06', '2018-05-18 02:54:06'),
  (7, 'Bloque 2', 2, 7, NULL, NULL, '2018-05-18 02:54:22', '2018-05-18 02:54:22'),
  (8, 'Bloque 3', 2, 8, NULL, NULL, '2018-05-18 02:54:38', '2018-05-18 02:54:38'),
  (9, 'Bloque 4', 2, 9, NULL, NULL, '2018-05-18 02:54:53', '2018-05-18 02:54:53'),
  (10, 'Bloque 5', 2, 10, NULL, NULL, '2018-05-18 02:55:35', '2018-05-18 02:55:35'),
  (11, 'Bloque 6', 2, 11, NULL, NULL, '2018-05-18 02:55:49', '2018-05-18 02:55:49'),
  (12, 'Bloque 1', 3, 12, NULL, NULL, '2018-05-18 13:56:33', '2018-05-18 13:56:33'),
  (13, 'Bloque 2', 3, 13, NULL, NULL, '2018-05-21 21:06:57', '2018-05-21 21:06:57'),
  (14, 'Bloque 3', 3, 14, NULL, NULL, '2018-05-21 21:16:58', '2018-05-21 21:16:58'),
  (15, 'Bloque 4', 3, 15, NULL, NULL, '2018-05-21 21:24:13', '2018-05-21 21:37:46'),
  (16, 'Bloque 5', 3, 16, NULL, NULL, '2018-05-21 21:37:57', '2018-05-21 21:41:35'),
  (17, 'Bloque 1', 4, 17, NULL, NULL, '2018-05-21 22:06:25', '2018-05-21 22:06:25'),
  (18, 'Bloque 2', 4, 18, NULL, NULL, '2018-05-21 22:56:05', '2018-05-21 22:56:05'),
  (19, 'Bloque 3', 4, 19, NULL, NULL, '2018-05-21 22:56:19', '2018-05-21 22:56:19'),
  (20, 'Bloque 4', 4, 20, NULL, NULL, '2018-05-21 22:56:36', '2018-05-21 22:56:36'),
  (21, 'Bloque 1', 5, 21, NULL, NULL, '2018-05-21 23:51:58', '2018-05-21 23:51:58'),
  (22, 'Bloque 2', 5, 22, NULL, NULL, '2018-05-21 23:52:09', '2018-05-21 23:52:09'),
  (23, 'Bloque 3', 5, 23, NULL, NULL, '2018-05-21 23:52:32', '2018-05-21 23:52:32'),
  (24, 'Bloque 1', 6, 24, NULL, NULL, '2018-05-22 03:26:30', '2018-05-22 03:26:30'),
  (25, 'Bloque 2', 6, 25, NULL, NULL, '2018-05-22 03:26:41', '2018-05-22 03:26:41'),
  (26, 'Bloque 3', 6, 26, NULL, NULL, '2018-05-22 03:26:55', '2018-05-22 03:26:55'),
  (27, 'Bloque 4', 6, 27, NULL, NULL, '2018-05-22 03:27:18', '2018-05-22 03:27:18'),
  (28, 'Bloque 5', 6, 28, NULL, NULL, '2018-05-22 03:27:36', '2018-05-22 03:27:36'),
  (29, 'Bloque 6', 6, 29, NULL, NULL, '2018-05-22 03:27:51', '2018-05-22 03:27:51'),
  (30, 'Bloque 7', 6, 30, NULL, NULL, '2018-05-22 03:28:08', '2018-05-22 03:28:08'),
  (31, 'Bloque 8', 6, 31, NULL, NULL, '2018-05-22 03:28:29', '2018-05-22 03:28:29'),
  (32, 'Bloque 1', 7, 32, NULL, NULL, '2018-05-22 21:57:36', '2018-05-22 21:57:36'),
  (33, 'Bloque 2', 7, 33, NULL, NULL, '2018-05-22 21:57:50', '2018-05-22 21:57:50'),
  (34, 'Bloque 3', 7, 34, NULL, NULL, '2018-05-22 21:58:07', '2018-05-22 21:58:07'),
  (35, 'Bloque 4', 7, 35, NULL, NULL, '2018-05-22 21:58:23', '2018-05-22 21:58:23'),
  (36, 'Bloque 1', 8, 36, NULL, NULL, '2018-05-22 22:43:56', '2018-05-22 22:43:56'),
  (37, 'Bloque 2', 8, 37, NULL, NULL, '2018-05-22 22:44:18', '2018-05-22 22:44:18'),
  (38, 'Bloque 3', 8, 38, NULL, NULL, '2018-05-22 22:44:29', '2018-05-22 22:44:29'),
  (39, 'Bloque 4', 8, 39, NULL, NULL, '2018-05-22 22:44:47', '2018-05-22 22:44:47'),
  (40, 'Bloque 1', 9, 40, NULL, NULL, '2018-05-22 23:22:54', '2018-05-22 23:22:54'),
  (41, 'Bloque 2', 9, 41, NULL, NULL, '2018-05-22 23:23:04', '2018-05-22 23:23:04'),
  (42, 'Bloque 3', 9, 42, NULL, NULL, '2018-05-22 23:23:16', '2018-05-22 23:23:16'),
  (43, 'Bloque 1', 10, 43, NULL, NULL, '2018-05-22 23:50:48', '2018-05-22 23:50:48'),
  (44, 'Bloque 2', 10, 44, NULL, NULL, '2018-05-22 23:50:59', '2018-05-22 23:50:59'),
  (45, 'Bloque 3', 10, 45, NULL, NULL, '2018-05-22 23:51:11', '2018-05-22 23:51:11'),
  (46, 'Bloque 4', 10, 46, NULL, NULL, '2018-05-22 23:51:25', '2018-05-22 23:51:25'),
  (47, 'Bloque 1', 11, 47, NULL, NULL, '2018-05-23 00:14:01', '2018-05-23 00:14:01'),
  (48, 'Bloque 2', 11, 48, NULL, NULL, '2018-05-23 00:14:12', '2018-05-23 00:14:12'),
  (49, 'Bloque 3', 11, 49, NULL, NULL, '2018-05-23 00:14:26', '2018-05-23 00:14:26'),
  (50, 'Bloque 1', 12, 50, NULL, NULL, '2018-05-23 00:41:14', '2018-05-23 00:41:14'),
  (51, 'Bloque 2', 12, 51, NULL, NULL, '2018-05-23 00:41:23', '2018-05-23 00:41:23'),
  (52, 'Bloque 3', 12, 52, NULL, NULL, '2018-05-23 00:41:32', '2018-05-23 00:41:32'),
  (53, 'Bloque 4', 12, 53, NULL, NULL, '2018-05-23 00:41:43', '2018-05-23 00:41:43'),
  (54, 'Bloque 1', 13, 54, NULL, NULL, '2018-05-23 19:45:34', '2018-05-23 19:45:34'),
  (55, 'Bloque 2', 13, 55, NULL, NULL, '2018-05-23 19:45:46', '2018-05-23 19:45:46'),
  (56, 'Bloque 3', 13, 56, NULL, NULL, '2018-05-23 19:46:01', '2018-05-23 19:46:01'),
  (57, 'Bloque 1', 14, 57, NULL, NULL, '2018-05-23 20:34:40', '2018-05-23 20:34:40'),
  (58, 'Bloque 2', 14, 58, NULL, NULL, '2018-05-23 20:34:50', '2018-05-23 20:34:50'),
  (59, 'Bloque 3', 14, 59, NULL, NULL, '2018-05-23 20:34:59', '2018-05-23 20:34:59'),
  (60, 'Bloque 4', 14, 60, NULL, NULL, '2018-05-23 20:35:15', '2018-05-23 20:35:15'),
  (61, 'Bloque 1', 15, 61, NULL, NULL, '2018-05-23 21:13:13', '2018-05-23 21:13:13'),
  (62, 'Bloque 2', 15, 62, NULL, NULL, '2018-05-23 21:14:32', '2018-05-23 21:14:32'),
  (63, 'Bloque 3', 15, 63, NULL, NULL, '2018-05-23 21:14:44', '2018-05-23 21:14:44'),
  (64, 'Bloque 4', 15, 64, NULL, NULL, '2018-05-23 21:15:07', '2018-05-23 21:15:07'),
  (65, 'Bloque 5', 15, 65, NULL, NULL, '2018-05-23 21:15:33', '2018-05-23 21:15:33'),
  (66, 'Bloque 6', 15, 66, NULL, NULL, '2018-05-23 21:15:46', '2018-05-23 21:15:46'),
  (67, 'Bloque 1', 16, 67, NULL, NULL, '2018-05-24 03:23:45', '2018-05-24 03:23:45'),
  (68, 'Bloque 2', 16, 68, NULL, NULL, '2018-05-24 03:23:54', '2018-05-24 03:23:54'),
  (69, 'Bloque 3', 16, 69, NULL, NULL, '2018-05-24 03:24:05', '2018-05-24 03:24:05'),
  (70, 'Bloque 4', 16, 70, NULL, NULL, '2018-05-24 03:24:16', '2018-05-24 03:24:16'),
  (71, 'Bloque 5', 16, 71, NULL, NULL, '2018-05-24 03:24:30', '2018-05-24 03:24:30'),
  (72, 'Bloque 1', 17, 72, NULL, NULL, '2018-05-25 01:04:06', '2018-05-25 01:04:06'),
  (73, 'Bloque 2', 17, 73, NULL, NULL, '2018-05-25 01:04:16', '2018-05-25 01:04:16'),
  (74, 'Bloque 3', 17, 74, NULL, NULL, '2018-05-25 01:04:29', '2018-05-25 01:04:29'),
  (75, 'Bloque 4', 17, 75, NULL, NULL, '2018-05-25 01:04:39', '2018-05-25 01:04:39'),
  (76, 'Bloque 5', 17, 76, NULL, NULL, '2018-05-25 01:04:51', '2018-05-25 01:04:51'),
  (77, 'Bloque 6', 17, 77, NULL, NULL, '2018-05-25 01:05:07', '2018-05-25 01:05:07'),
  (78, 'Bloque 7', 17, 78, NULL, NULL, '2018-05-25 01:05:25', '2018-05-25 01:05:25'),
  (79, 'Bloque 1', 18, 79, NULL, NULL, '2018-05-25 03:10:23', '2018-05-25 03:10:23'),
  (80, 'Bloque 2', 18, 80, NULL, NULL, '2018-05-25 03:10:33', '2018-05-25 03:10:33'),
  (81, 'Bloque 3', 18, 81, NULL, NULL, '2018-05-25 03:10:43', '2018-05-25 03:10:43'),
  (82, 'Bloque 4', 18, 82, NULL, NULL, '2018-05-25 03:10:59', '2018-05-25 03:10:59'),
  (83, 'Bloque 5', 18, 83, NULL, NULL, '2018-05-25 03:11:11', '2018-05-25 03:11:11'),
  (84, 'Bloque 6', 18, 84, NULL, NULL, '2018-05-25 03:11:27', '2018-05-25 03:11:27'),
  (85, 'Bloque 7', 18, 85, NULL, NULL, '2018-05-25 03:11:48', '2018-05-25 03:11:48'),
  (86, 'Bloque 1', 19, 86, NULL, NULL, '2018-05-25 13:27:12', '2018-05-25 13:27:12'),
  (87, 'Bloque 2', 19, 87, NULL, NULL, '2018-05-25 13:27:22', '2018-05-25 13:27:22'),
  (88, 'Bloque 3', 19, 88, NULL, NULL, '2018-05-25 13:27:32', '2018-05-25 13:27:32'),
  (89, 'Bloque 4', 19, 89, NULL, NULL, '2018-05-25 13:27:43', '2018-05-25 13:27:43'),
  (90, 'Bloque 5', 19, 90, NULL, NULL, '2018-05-25 13:27:55', '2018-05-25 13:27:55'),
  (91, 'Bloque 6', 19, 91, NULL, NULL, '2018-05-25 13:28:06', '2018-05-25 13:28:06');


INSERT INTO `competence_block` (`competence_id`, `block_id`) VALUES
  (209, 1),
  (210, 1),
  (211, 2),
  (211, 3),
  (212, 3),
  (217, 3),
  (222, 3),
  (212, 4),
  (217, 4),
  (218, 4),
  (222, 4),
  (212, 5),
  (213, 5),
  (217, 5),
  (218, 5),
  (222, 5),
  (215, 6),
  (218, 6),
  (212, 7),
  (213, 7),
  (218, 7),
  (219, 7),
  (212, 8),
  (213, 8),
  (215, 8),
  (219, 8),
  (220, 8),
  (213, 9),
  (215, 9),
  (219, 9),
  (220, 9),
  (222, 9),
  (213, 10),
  (218, 10),
  (219, 10),
  (212, 11),
  (215, 11),
  (220, 11),
  (209, 12),
  (210, 12),
  (214, 12),
  (212, 13),
  (214, 13),
  (215, 13),
  (221, 13),
  (211, 14),
  (215, 14),
  (220, 14),
  (214, 15),
  (215, 15),
  (218, 15),
  (220, 15),
  (210, 16),
  (211, 16),
  (220, 16),
  (222, 16),
  (213, 17),
  (217, 17),
  (218, 17),
  (217, 18),
  (218, 18),
  (219, 18),
  (214, 19),
  (217, 19),
  (218, 19),
  (219, 19),
  (210, 20),
  (212, 20),
  (213, 20),
  (214, 20),
  (219, 20),
  (212, 21),
  (218, 21),
  (219, 21),
  (210, 22),
  (211, 22),
  (214, 22),
  (216, 22),
  (217, 22),
  (218, 22),
  (219, 22),
  (212, 23),
  (213, 23),
  (215, 23),
  (216, 23),
  (217, 23),
  (218, 23),
  (219, 23),
  (220, 23),
  (210, 24),
  (209, 25),
  (212, 26),
  (210, 28),
  (213, 29),
  (210, 30),
  (210, 31),
  (208, 32),
  (203, 33),
  (206, 33),
  (208, 33),
  (201, 34),
  (202, 34),
  (203, 34),
  (204, 34),
  (202, 35),
  (203, 35),
  (205, 35),
  (208, 35),
  (201, 36),
  (206, 36),
  (204, 37),
  (201, 38),
  (204, 38),
  (201, 39),
  (204, 39),
  (208, 39),
  (201, 40),
  (204, 40),
  (206, 40),
  (201, 41),
  (204, 41),
  (206, 41),
  (201, 42),
  (204, 42),
  (206, 42),
  (208, 42),
  (203, 43),
  (201, 44),
  (202, 44),
  (204, 44),
  (203, 45),
  (206, 45),
  (208, 46),
  (201, 47),
  (204, 47),
  (206, 47),
  (208, 47),
  (201, 48),
  (204, 48),
  (206, 48),
  (201, 49),
  (204, 49),
  (206, 49),
  (202, 50),
  (203, 50),
  (204, 50),
  (206, 50),
  (207, 50),
  (201, 51),
  (202, 51),
  (207, 51),
  (208, 51),
  (202, 52),
  (203, 52),
  (204, 52),
  (205, 52),
  (206, 52),
  (208, 52),
  (202, 53),
  (203, 53),
  (204, 53),
  (205, 53),
  (208, 53),
  (236, 54),
  (237, 54),
  (241, 54),
  (244, 54),
  (238, 55),
  (236, 56),
  (236, 57),
  (235, 58),
  (237, 58),
  (234, 59),
  (236, 59),
  (236, 60),
  (244, 61),
  (237, 62),
  (244, 62),
  (234, 63),
  (238, 63),
  (244, 63),
  (244, 64),
  (238, 65),
  (244, 65),
  (244, 66),
  (223, 67),
  (224, 68),
  (226, 68),
  (232, 69),
  (227, 70),
  (230, 70),
  (228, 71),
  (229, 71),
  (231, 71),
  (249, 72),
  (249, 73),
  (252, 74),
  (250, 75),
  (253, 75),
  (251, 76),
  (256, 76),
  (252, 77),
  (249, 78),
  (257, 79),
  (259, 79),
  (247, 80),
  (259, 80),
  (260, 80),
  (257, 81),
  (258, 81),
  (259, 81),
  (260, 81),
  (247, 82),
  (256, 82),
  (257, 82),
  (258, 82),
  (259, 82),
  (260, 82),
  (257, 83),
  (258, 83),
  (259, 83),
  (260, 83),
  (247, 84),
  (256, 84),
  (257, 84),
  (259, 84),
  (260, 84),
  (257, 85),
  (258, 85),
  (259, 85),
  (260, 85),
  (246, 86),
  (249, 86),
  (249, 87),
  (254, 87),
  (245, 88),
  (255, 89),
  (245, 90),
  (260, 90),
  (245, 91),
  (256, 91),
  (260, 91);


INSERT INTO `attribute_block` (`attribute_id`, `block_id`) VALUES
  (24, 1),
  (26, 1),
  (19, 2),
  (22, 2),
  (24, 2),
  (15, 3),
  (19, 3),
  (20, 3),
  (18, 4),
  (19, 4),
  (15, 5),
  (19, 5),
  (18, 6),
  (19, 6),
  (11, 7),
  (14, 7),
  (20, 7),
  (21, 7),
  (22, 7),
  (13, 8),
  (20, 8),
  (21, 8),
  (22, 8),
  (14, 9),
  (20, 9),
  (21, 9),
  (14, 10),
  (20, 10),
  (22, 10),
  (13, 11),
  (14, 11),
  (20, 11),
  (19, 12),
  (20, 12),
  (26, 12),
  (27, 12),
  (32, 12),
  (19, 13),
  (20, 13),
  (24, 13),
  (26, 13),
  (27, 13),
  (20, 14),
  (24, 14),
  (27, 14),
  (32, 14),
  (33, 14),
  (20, 15),
  (25, 15),
  (27, 15),
  (31, 15),
  (40, 15),
  (41, 15),
  (32, 16),
  (33, 16),
  (43, 16),
  (18, 17),
  (19, 17),
  (20, 17),
  (21, 17),
  (22, 17),
  (13, 18),
  (21, 18),
  (22, 18),
  (18, 19),
  (19, 19),
  (20, 19),
  (22, 19),
  (18, 20),
  (20, 20),
  (21, 20),
  (22, 20),
  (43, 20),
  (19, 21),
  (20, 21),
  (31, 21),
  (32, 21),
  (21, 22),
  (22, 22),
  (43, 22),
  (13, 23),
  (20, 23),
  (21, 23),
  (22, 23),
  (17, 24),
  (20, 24),
  (27, 24),
  (27, 25),
  (30, 25),
  (17, 26),
  (18, 26),
  (24, 26),
  (27, 26),
  (39, 27),
  (43, 27),
  (45, 27),
  (25, 28),
  (39, 28),
  (24, 29),
  (27, 29),
  (45, 29),
  (11, 30),
  (23, 30),
  (26, 30),
  (27, 30),
  (31, 30),
  (25, 31),
  (32, 31),
  (39, 31),
  (45, 31),
  (13, 32),
  (14, 32),
  (20, 32),
  (21, 32),
  (20, 33),
  (31, 33),
  (32, 33),
  (1, 34),
  (4, 34),
  (8, 34),
  (13, 34),
  (20, 34),
  (2, 35),
  (13, 35),
  (18, 35),
  (19, 35),
  (7, 36),
  (13, 36),
  (14, 36),
  (18, 36),
  (29, 37),
  (13, 38),
  (14, 38),
  (18, 38),
  (13, 39),
  (14, 39),
  (18, 39),
  (1, 40),
  (7, 40),
  (13, 40),
  (18, 40),
  (13, 41),
  (14, 41),
  (18, 41),
  (29, 41),
  (7, 42),
  (13, 42),
  (18, 42),
  (31, 42),
  (31, 43),
  (32, 43),
  (33, 43),
  (1, 44),
  (2, 44),
  (7, 44),
  (14, 44),
  (18, 45),
  (31, 45),
  (32, 45),
  (33, 45),
  (29, 46),
  (1, 47),
  (2, 47),
  (4, 47),
  (28, 47),
  (31, 47),
  (32, 47),
  (33, 47),
  (7, 48),
  (13, 48),
  (17, 48),
  (18, 48),
  (20, 48),
  (13, 49),
  (17, 49),
  (18, 49),
  (20, 49),
  (21, 49),
  (31, 49),
  (33, 49),
  (1, 50),
  (6, 50),
  (13, 50),
  (17, 50),
  (20, 50),
  (29, 50),
  (2, 51),
  (4, 51),
  (18, 51),
  (21, 51),
  (31, 51),
  (7, 52),
  (13, 52),
  (17, 52),
  (29, 52),
  (33, 52),
  (4, 53),
  (13, 53),
  (18, 53),
  (31, 53),
  (32, 53),
  (33, 53),
  (7, 54),
  (12, 54),
  (14, 54),
  (28, 54),
  (7, 55),
  (10, 55),
  (12, 55),
  (13, 55),
  (14, 55),
  (18, 55),
  (29, 55),
  (7, 56),
  (10, 56),
  (28, 56),
  (13, 57),
  (14, 57),
  (15, 57),
  (28, 57),
  (13, 58),
  (14, 58),
  (15, 58),
  (24, 58),
  (27, 58),
  (13, 59),
  (14, 59),
  (15, 59),
  (24, 59),
  (27, 59),
  (24, 60),
  (27, 60),
  (23, 61),
  (24, 61),
  (31, 61),
  (33, 61),
  (24, 62),
  (27, 62),
  (23, 63),
  (24, 63),
  (27, 63),
  (32, 63),
  (12, 64),
  (21, 64),
  (23, 64),
  (24, 65),
  (27, 65),
  (32, 65),
  (21, 66),
  (23, 66),
  (24, 66),
  (31, 66),
  (33, 66),
  (6, 67),
  (29, 67),
  (30, 67),
  (32, 68),
  (33, 68),
  (41, 68),
  (31, 69),
  (38, 69),
  (40, 69),
  (44, 69),
  (35, 70),
  (36, 70),
  (39, 70),
  (1, 71),
  (2, 71),
  (3, 71),
  (35, 71),
  (37, 71),
  (4, 72),
  (27, 72),
  (14, 73),
  (27, 73),
  (1, 74),
  (14, 74),
  (25, 75),
  (27, 75),
  (25, 76),
  (31, 76),
  (32, 76),
  (27, 77),
  (33, 77),
  (2, 78),
  (24, 78),
  (1, 79),
  (3, 79),
  (26, 79),
  (27, 79),
  (31, 79),
  (32, 79),
  (33, 79),
  (12, 80),
  (40, 80),
  (41, 80),
  (32, 81),
  (33, 81),
  (34, 81),
  (35, 81),
  (36, 81),
  (27, 82),
  (36, 82),
  (40, 82),
  (41, 82),
  (9, 83),
  (34, 83),
  (35, 83),
  (36, 83),
  (41, 83),
  (1, 84),
  (27, 84),
  (29, 84),
  (43, 84),
  (44, 84),
  (3, 85),
  (43, 85),
  (44, 85),
  (26, 86),
  (4, 87),
  (42, 87),
  (1, 88),
  (2, 88),
  (5, 88),
  (29, 88),
  (8, 89),
  (32, 89),
  (9, 90),
  (12, 90),
  (3, 91),
  (9, 91),
  (31, 91),
  (33, 91);
